<?xml version="1.2" encoding="UTF-8"?>
<ti:module xmlns:ti="http://ti.appcelerator.org" xmlns:android="http://schemas.android.com/apk/res/android">
    <android xmlns:android="http://schemas.android.com/apk/res/android">
        <manifest>
            <uses-sdk android:minSdkVersion="14" android:targetSdkVersion="23" />
            <application>
                <service android:name="com.eyesoreinc.bluetooth.BluetoothService" >
                    <intent-filter>
                        <action android:name="android.intent.action.MAIN"/>
                        <category android:name="android.intent.category.LAUNCHER" />
                        <category android:name="android.intent.category.DEFAULT" />
                        <action android:name="com.eyesoreinc.bluetooth.BluetoothService"></action>
                    </intent-filter>
                </service>
            </application>
             <uses-permission android:name="android.permission.ACCESS_COARSE_LOCATION"/>
            <uses-permission android:name="android.permission.BLUETOOTH"/>
            <uses-permission android:name="android.permission.BLUETOOTH_ADMIN"/>
            <!-- http://stackoverflow.com/questions/3442800/android-bluetooth-software-caused-connection-abort-ioexception -->
            <uses-permission android:name="android.permission.READ_PHONE_STATE"></uses-permission>
            <uses-permission android:name="android.permission.WRITE_SYNC_SETTINGS"></uses-permission>
        </manifest>
    </android>
    <mobileweb>
    </mobileweb>
</ti:module>
